,syl,son,cons,cont,delrel,lat,nas,strid,voi,sg,cg,ant,cor,distr,lab,hi,lo,back,round,velaric,tense,long,hitone,hireg,backshift,frontshift,opening,centering,closing,longdistance,secondrounded,rising,falling,contour
²⁴,0,0,0,0,0,0,0,0,0,0,0,0,0,0,0,0,0,0,0,0,0,0,+,-,0,0,0,0,0,0,0,+,-,-
²⁵,0,0,0,0,0,0,0,0,0,0,0,0,0,0,0,0,0,0,0,0,0,0,+,-,0,0,0,0,0,0,0,+,-,-
pt,-,-,+,-,-,-,-,0,-,-,-,+,+,-,+,-,-,-,-,-,0,-,0,0,0,0,0,0,0,0,0,0,0,0
pɸ,-,-,+,-,+,-,-,-,-,-,-,+,-,0,+,0,0,0,-,-,0,-,0,0,0,0,0,0,0,0,0,0,0,0
ɟʝ,-,-,+,-,+,-,-,0,+,-,-,-,+,+,-,+,-,-,-,-,0,-,0,0,0,0,0,0,0,0,0,0,0,0
³⁴,0,0,0,0,0,0,0,0,0,0,0,0,0,0,0,0,0,0,0,0,0,0,0,0,0,0,0,0,0,0,0,+,-,-
ɡb,-,-,+,-,-,-,-,0,+,-,-,0,-,0,+,+,-,0,-,-,0,-,0,0,0,0,0,0,0,0,0,0,0,0
³⁵,0,0,0,0,0,0,0,0,0,0,0,0,0,0,0,0,0,0,0,0,0,0,0,0,0,0,0,0,0,0,0,+,-,-
ɡɣ,-,-,+,-,+,-,-,0,+,-,-,-,-,0,-,+,-,0,-,-,0,-,0,0,0,0,0,0,0,0,0,0,0,0
⁴⁵¹,0,0,0,0,0,0,0,0,0,0,0,0,0,0,0,0,0,0,0,0,0,0,-,+,0,0,0,0,0,0,0,+,-,+
⁴¹⁵,0,0,0,0,0,0,0,0,0,0,0,0,0,0,0,0,0,0,0,0,0,0,-,+,0,0,0,0,0,0,0,-,+,+
+,0,0,0,0,0,0,0,0,0,0,0,0,0,0,0,0,0,0,0,0,0,0,0,0,0,0,0,0,0,0,0,0,0,0
ɖ͡ʐ,-,-,+,-,+,-,-,0,+,-,-,-,+,-,-,0,0,0,-,-,0,-,0,0,0,0,0,0,0,0,0,0,0,0
⁵¹¹,0,0,0,0,0,0,0,0,0,0,0,0,0,0,0,0,0,0,0,0,0,0,+,+,0,0,0,0,0,0,0,-,+,-
⁴⁵²,0,0,0,0,0,0,0,0,0,0,0,0,0,0,0,0,0,0,0,0,0,0,-,+,0,0,0,0,0,0,0,+,-,+
-,0,0,0,0,0,0,0,0,0,0,0,0,0,0,0,0,0,0,0,0,0,0,0,0,0,0,0,0,0,0,0,0,0,0
⁴⁵³,0,0,0,0,0,0,0,0,0,0,0,0,0,0,0,0,0,0,0,0,0,0,-,+,0,0,0,0,0,0,0,+,-,+
³²²,0,0,0,0,0,0,0,0,0,0,0,0,0,0,0,0,0,0,0,0,0,0,0,0,0,0,0,0,0,0,0,-,+,-
ȵ,-,+,+,-,-,-,+,0,+,-,-,-,+,+,-,+,-,-,-,-,0,-,0,0,0,0,0,0,0,0,0,0,0,0
⁴¹⁴,0,0,0,0,0,0,0,0,0,0,0,0,0,0,0,0,0,0,0,0,0,0,-,+,0,0,0,0,0,0,0,-,+,+
⁵¹³,0,0,0,0,0,0,0,0,0,0,0,0,0,0,0,0,0,0,0,0,0,0,+,+,0,0,0,0,0,0,0,-,+,+
³²³,0,0,0,0,0,0,0,0,0,0,0,0,0,0,0,0,0,0,0,0,0,0,0,0,0,0,0,0,0,0,0,-,+,+
⁵¹²,0,0,0,0,0,0,0,0,0,0,0,0,0,0,0,0,0,0,0,0,0,0,+,+,0,0,0,0,0,0,0,-,+,+
l̪,-,+,+,+,-,+,-,0,+,-,-,+,+,+,-,-,-,-,-,-,0,-,0,0,0,0,0,0,0,0,0,0,0,0
ɬ̪,-,-,+,+,+,+,-,0,-,-,-,+,+,+,-,0,0,0,-,-,0,-,0,0,0,0,0,0,0,0,0,0,0,0
²²,0,0,0,0,0,0,0,0,0,0,0,0,0,0,0,0,0,0,0,0,0,0,+,-,0,0,0,0,0,0,0,-,-,-
²³,0,0,0,0,0,0,0,0,0,0,0,0,0,0,0,0,0,0,0,0,0,0,+,-,0,0,0,0,0,0,0,+,-,-
bd,-,-,+,-,-,-,-,0,+,-,-,+,+,-,+,-,-,-,-,-,0,-,0,0,0,0,0,0,0,0,0,0,0,0
²¹,0,0,0,0,0,0,0,0,0,0,0,0,0,0,0,0,0,0,0,0,0,0,+,-,0,0,0,0,0,0,0,-,+,-
ɐ,+,+,-,+,-,-,-,0,+,-,-,0,-,0,-,-,-,+,-,-,+,-,0,0,0,0,0,0,0,0,0,0,0,0
ɑ,+,+,-,+,0,-,-,0,+,-,-,0,-,0,-,-,+,+,-,-,+,-,0,0,0,0,0,0,0,0,0,0,0,0
ɒ,+,+,-,+,-,-,-,0,+,-,-,0,-,0,-,-,+,+,+,-,+,-,0,0,0,0,0,0,0,0,0,0,0,0
b͡β,-,-,+,-,+,-,-,-,+,-,-,+,-,0,+,0,0,0,-,-,0,-,0,0,0,0,0,0,0,0,0,0,0,0
ɓ,-,-,+,-,-,-,-,0,+,-,+,+,-,0,+,-,-,-,-,-,0,-,0,0,0,0,0,0,0,0,0,0,0,0
ɔ,+,+,-,+,-,-,-,0,+,-,-,0,-,0,-,-,-,+,+,-,-,-,0,0,0,0,0,0,0,0,0,0,0,0
bv,-,-,+,-,+,-,-,+,+,-,-,+,-,0,+,-,-,-,-,-,0,-,0,0,0,0,0,0,0,0,0,0,0,0
ɕ,-,-,+,+,+,-,-,0,-,-,-,-,+,+,-,+,-,-,-,-,0,-,0,0,0,0,0,0,0,0,0,0,0,0
ɖ,-,-,+,-,-,-,-,0,+,-,-,-,+,-,-,-,-,-,-,-,0,-,0,0,0,0,0,0,0,0,0,0,0,0
ɗ,-,-,+,-,-,-,-,0,+,-,+,+,+,-,-,-,-,-,-,-,0,-,0,0,0,0,0,0,0,0,0,0,0,0
ɘ,+,+,-,+,-,-,-,0,+,-,-,0,-,0,-,-,-,+,-,-,-,-,0,0,0,0,0,0,0,0,0,0,0,0
ə,+,+,-,+,-,-,-,0,+,-,-,0,-,0,-,-,-,+,-,-,-,-,0,0,0,0,0,0,0,0,0,0,0,0
ɚ,+,+,-,+,-,-,-,0,+,-,-,-,-,0,-,+,-,+,+,-,-,-,0,0,0,0,0,0,0,0,0,0,0,0
ɛ,+,+,-,+,-,-,-,0,+,-,-,0,-,0,-,-,-,-,-,-,-,-,0,0,0,0,0,0,0,0,0,0,0,0
ɜ,+,+,-,+,-,-,-,0,+,-,-,0,-,0,-,-,-,+,-,-,+,-,0,0,0,0,0,0,0,0,0,0,0,0
ɞ,+,+,-,+,-,-,-,0,+,-,-,0,-,0,-,-,-,+,+,-,+,-,0,0,0,0,0,0,0,0,0,0,0,0
ɟ,-,-,+,-,-,-,-,0,+,-,-,-,-,0,-,+,-,-,-,-,0,-,0,0,0,0,0,0,0,0,0,0,0,0
³²,0,0,0,0,0,0,0,0,0,0,0,0,0,0,0,0,0,0,0,0,0,0,0,0,0,0,0,0,0,0,0,-,+,-
ɢʁ,-,-,+,-,+,-,-,0,+,-,-,-,-,0,-,-,-,+,-,-,0,-,0,0,0,0,0,0,0,0,0,0,0,0
ɠ,-,-,+,-,-,-,-,0,+,-,+,-,-,0,-,+,-,+,-,-,0,-,0,0,0,0,0,0,0,0,0,0,0,0
³³,0,0,0,0,0,0,0,0,0,0,0,0,0,0,0,0,0,0,0,0,0,0,0,0,0,0,0,0,0,0,0,-,-,-
a,+,+,-,+,-,-,-,0,+,-,-,0,-,0,-,-,+,-,-,-,+,-,0,0,0,0,0,0,0,0,0,0,0,0
ɡ,-,-,+,-,-,-,-,0,+,-,-,-,-,0,-,+,-,+,-,-,0,-,0,0,0,0,0,0,0,0,0,0,0,0
tɕ,-,-,+,-,+,-,-,0,-,-,-,-,+,+,-,+,-,-,-,-,0,-,0,0,0,0,0,0,0,0,0,0,0,0
b,-,-,+,-,-,-,-,0,+,-,-,+,-,0,+,-,-,-,-,-,0,-,0,0,0,0,0,0,0,0,0,0,0,0
ɢ,-,-,+,-,-,-,-,0,+,-,-,-,-,0,-,-,-,+,-,-,0,-,0,0,0,0,0,0,0,0,0,0,0,0
c,-,-,+,-,-,-,-,0,-,-,-,-,-,0,-,+,-,-,-,-,0,-,0,0,0,0,0,0,0,0,0,0,0,0
ɣ,-,-,+,+,-,-,-,0,+,-,-,-,-,0,-,+,-,+,-,-,0,-,0,0,0,0,0,0,0,0,0,0,0,0
d,-,-,+,-,-,-,-,0,+,-,-,+,+,-,-,-,-,-,-,-,0,-,0,0,0,0,0,0,0,0,0,0,0,0
ɤ,+,+,-,+,0,-,-,0,+,-,-,0,-,0,-,-,-,+,-,-,+,-,0,0,0,0,0,0,0,0,0,0,0,0
e,+,+,-,+,-,-,-,0,+,-,-,0,-,0,-,-,-,-,-,-,+,-,0,0,0,0,0,0,0,0,0,0,0,0
ɥ,-,+,-,+,0,-,-,0,+,-,-,-,-,0,+,+,-,-,+,-,+,-,0,0,0,0,0,0,0,0,0,0,0,0
f,-,-,+,+,-,-,-,+,-,-,-,+,-,0,+,-,-,-,-,-,0,-,0,0,0,0,0,0,0,0,0,0,0,0
ɦ,-,+,+,+,-,-,-,0,+,-,-,-,-,0,-,-,-,-,-,-,0,-,0,0,0,0,0,0,0,0,0,0,0,0
³¹,0,0,0,0,0,0,0,0,0,0,0,0,0,0,0,0,0,0,0,0,0,0,0,0,0,0,0,0,0,0,0,-,+,-
g,-,-,+,-,-,-,-,0,+,-,-,-,-,0,-,+,-,+,-,-,0,-,0,0,0,0,0,0,0,0,0,0,0,0
ɧ,-,-,+,+,+,-,-,0,-,-,-,-,+,+,-,+,-,0,-,-,0,-,0,0,0,0,0,0,0,0,0,0,0,0
h,-,+,+,+,-,-,-,0,-,-,-,-,-,0,-,-,-,-,-,-,0,-,0,0,0,0,0,0,0,0,0,0,0,0
ɨ,+,+,-,+,-,-,-,0,+,-,-,0,-,0,-,+,-,+,-,-,+,-,0,0,0,0,0,0,0,0,0,0,0,0
i,+,+,-,+,-,-,-,0,+,-,-,0,-,0,-,+,-,-,-,-,+,-,0,0,0,0,0,0,0,0,0,0,0,0
⁴⁵⁵,0,0,0,0,0,0,0,0,0,0,0,0,0,0,0,0,0,0,0,0,0,0,-,+,0,0,0,0,0,0,0,+,-,-
d̪͡ɮ̪,-,-,+,-,+,+,-,0,+,-,-,+,+,-,-,0,0,0,-,-,0,-,0,0,0,0,0,0,0,0,0,0,0,0
j,-,+,-,+,-,-,-,0,+,-,-,-,-,0,-,+,-,-,-,-,0,-,0,0,0,0,0,0,0,0,0,0,0,0
ɪ,+,+,-,+,-,-,-,0,+,-,-,0,-,0,-,+,-,-,-,-,-,-,0,0,0,0,0,0,0,0,0,0,0,0
⁵¹⁴,0,0,0,0,0,0,0,0,0,0,0,0,0,0,0,0,0,0,0,0,0,0,+,+,0,0,0,0,0,0,0,-,+,+
k,-,-,+,-,-,-,-,0,-,-,-,-,-,0,-,+,-,+,-,-,0,-,0,0,0,0,0,0,0,0,0,0,0,0
ɫ,-,+,+,+,0,+,-,0,+,-,-,+,+,-,-,-,-,+,-,-,0,-,0,0,0,0,0,0,0,0,0,0,0,0
d̪ð,-,-,+,-,+,-,-,0,+,-,-,+,+,+,-,0,0,0,-,-,0,-,0,0,0,0,0,0,0,0,0,0,0,0
⁵¹⁵,0,0,0,0,0,0,0,0,0,0,0,0,0,0,0,0,0,0,0,0,0,0,+,+,0,0,0,0,0,0,0,-,+,+
l,-,+,+,+,-,+,-,0,+,-,-,+,+,-,-,-,-,-,-,-,0,-,0,0,0,0,0,0,0,0,0,0,0,0
ɬ,-,-,+,+,+,+,-,0,-,-,-,+,+,-,-,0,0,0,-,-,0,-,0,0,0,0,0,0,0,0,0,0,0,0
t̪͡θ,-,-,+,-,+,-,-,0,-,-,-,+,+,+,-,0,0,0,-,-,0,-,0,0,0,0,0,0,0,0,0,0,0,0
m,-,+,+,-,-,-,+,0,+,-,-,+,-,0,+,-,-,-,-,-,0,-,0,0,0,0,0,0,0,0,0,0,0,0
ɭ,-,+,+,+,0,+,-,0,+,-,-,-,+,-,-,0,0,0,-,-,0,-,0,0,0,0,0,0,0,0,0,0,0,0
n,-,+,+,-,-,-,+,0,+,-,-,+,+,-,-,-,-,-,-,-,0,-,0,0,0,0,0,0,0,0,0,0,0,0
ɮ,-,-,+,+,+,+,-,0,+,-,-,-,+,-,-,0,0,0,-,-,0,-,0,0,0,0,0,0,0,0,0,0,0,0
⁴⁵⁴,0,0,0,0,0,0,0,0,0,0,0,0,0,0,0,0,0,0,0,0,0,0,-,+,0,0,0,0,0,0,0,+,-,+
o,+,+,-,+,-,-,-,0,+,-,-,0,-,0,-,-,-,+,+,-,+,-,0,0,0,0,0,0,0,0,0,0,0,0
ɯ,+,+,-,+,-,-,-,0,+,-,-,0,-,0,-,+,-,+,-,-,-,-,0,0,0,0,0,0,0,0,0,0,0,0
p,-,-,+,-,-,-,-,0,-,-,-,+,-,0,+,-,-,-,-,-,0,-,0,0,0,0,0,0,0,0,0,0,0,0
ɰ,-,+,-,+,0,-,-,0,+,-,-,-,-,0,-,+,-,0,-,-,+,-,0,0,0,0,0,0,0,0,0,0,0,0
q,-,-,+,-,-,-,-,0,-,-,-,-,-,0,-,-,-,+,-,-,0,-,0,0,0,0,0,0,0,0,0,0,0,0
ɱ,-,+,+,-,0,-,+,0,+,-,-,+,-,0,+,0,0,0,-,-,0,-,0,0,0,0,0,0,0,0,0,0,0,0
r,-,+,+,+,0,-,-,0,+,-,-,+,+,-,-,0,0,0,-,-,0,-,0,0,0,0,0,0,0,0,0,0,0,0
ɲ,-,+,+,-,-,-,+,0,+,-,-,-,-,0,-,+,-,-,-,-,0,-,0,0,0,0,0,0,0,0,0,0,0,0
s,-,-,+,+,-,-,-,0,-,-,-,+,+,-,-,-,-,-,-,-,0,-,0,0,0,0,0,0,0,0,0,0,0,0
ɳ,-,+,+,-,-,-,+,0,+,-,-,-,+,0,-,-,-,-,-,-,0,-,0,0,0,0,0,0,0,0,0,0,0,0
t,-,-,+,-,-,-,-,0,-,-,-,+,+,-,-,-,-,-,-,-,0,-,0,0,0,0,0,0,0,0,0,0,0,0
ɴ,-,+,+,-,-,-,+,0,+,-,-,-,-,0,-,-,-,+,-,-,0,-,0,0,0,0,0,0,0,0,0,0,0,0
⁴,0,0,0,0,0,0,0,0,0,0,0,0,0,0,0,0,0,0,0,0,0,0,-,+,0,0,0,0,0,0,0,-,-,-
u,+,+,-,+,-,-,-,0,+,-,-,0,-,0,+,+,-,+,+,-,+,-,0,0,0,0,0,0,0,0,0,0,0,0
ɵ,+,+,-,+,-,-,-,0,+,-,-,0,-,0,-,-,-,+,+,-,-,-,0,0,0,0,0,0,0,0,0,0,0,0
⁵,0,0,0,0,0,0,0,0,0,0,0,0,0,0,0,0,0,0,0,0,0,0,+,+,0,0,0,0,0,0,0,-,-,-
³⁴⁴,0,0,0,0,0,0,0,0,0,0,0,0,0,0,0,0,0,0,0,0,0,0,0,0,0,0,0,0,0,0,0,+,-,-
v,-,-,+,+,-,-,-,+,+,-,-,+,-,0,+,-,-,-,-,-,0,-,0,0,0,0,0,0,0,0,0,0,0,0
ɶ,+,+,-,+,-,-,-,0,+,-,-,0,-,0,-,-,+,-,+,-,+,-,0,0,0,0,0,0,0,0,0,0,0,0
w,-,+,-,+,-,-,-,0,+,-,-,-,-,0,+,+,-,+,+,-,0,-,0,0,0,0,0,0,0,0,0,0,0,0
x,-,-,+,+,-,-,-,0,-,-,-,-,-,0,-,+,-,+,-,-,0,-,0,0,0,0,0,0,0,0,0,0,0,0
ɸ,-,-,+,+,-,-,-,-,-,-,-,+,-,0,+,-,-,-,-,-,0,-,0,0,0,0,0,0,0,0,0,0,0,0
tɬ,-,-,+,-,+,+,-,0,-,-,-,+,+,-,-,0,0,0,-,-,0,-,0,0,0,0,0,0,0,0,0,0,0,0
y,+,+,-,+,-,-,-,0,+,-,-,0,-,0,+,+,-,-,+,-,+,-,0,0,0,0,0,0,0,0,0,0,0,0
ɹ,-,+,-,+,-,-,-,0,+,-,-,+,+,-,-,+,-,+,+,-,0,-,0,0,0,0,0,0,0,0,0,0,0,0
z,-,-,+,+,-,-,-,0,+,-,-,+,+,-,-,-,-,-,-,-,0,-,0,0,0,0,0,0,0,0,0,0,0,0
ɺ,-,+,+,+,0,+,-,0,+,-,-,+,+,-,-,0,0,0,-,-,0,-,0,0,0,0,0,0,0,0,0,0,0,0
ɻ,-,+,-,+,-,-,-,0,+,-,-,-,+,-,-,-,-,-,-,-,0,-,0,0,0,0,0,0,0,0,0,0,0,0
d̪ɮ̪,-,-,+,-,+,+,-,0,+,-,-,+,+,-,-,0,0,0,-,-,0,-,0,0,0,0,0,0,0,0,0,0,0,0
n̪,-,+,+,-,-,-,+,0,+,-,-,+,+,+,-,-,-,-,-,-,0,-,0,0,0,0,0,0,0,0,0,0,0,0
ɽ,-,+,+,+,0,-,-,0,+,-,-,-,+,-,-,0,0,0,-,-,0,-,0,0,0,0,0,0,0,0,0,0,0,0
~,-,+,+,-,-,-,+,0,+,-,-,+,+,-,-,-,-,-,-,-,0,-,0,0,0,0,0,0,0,0,0,0,0,0
ɾ,-,+,+,+,0,-,-,0,+,-,-,+,+,-,-,0,0,0,-,-,0,-,0,0,0,0,0,0,0,0,0,0,0,0
ɿ,+,+,-,+,-,-,-,0,+,-,+,0,-,0,-,+,-,+,-,-,-,-,0,0,0,0,0,0,0,0,0,0,0,0
ts,-,-,+,-,+,-,-,0,-,-,-,+,+,-,-,-,-,-,-,-,0,-,0,0,0,0,0,0,0,0,0,0,0,0
ⁿ,-,+,+,-,-,-,+,0,+,-,-,+,+,-,-,-,-,-,-,-,0,-,0,0,0,0,0,0,0,0,0,0,0,0
ʀ,-,+,+,+,0,-,-,0,+,-,-,-,-,0,-,-,-,+,-,-,0,-,0,0,0,0,0,0,0,0,0,0,0,0
ʁ,-,-,+,+,-,-,-,0,+,-,-,-,-,0,-,-,-,+,-,-,0,-,0,0,0,0,0,0,0,0,0,0,0,0
ʂ,-,-,+,+,-,-,-,0,-,-,-,-,+,-,-,-,-,-,-,-,0,-,0,0,0,0,0,0,0,0,0,0,0,0
ʃ,-,-,+,+,-,-,-,0,-,-,-,-,+,+,-,-,-,-,-,-,0,-,0,0,0,0,0,0,0,0,0,0,0,0
ʄ,-,-,+,-,-,-,-,0,+,-,+,-,-,0,-,+,-,-,-,-,0,-,0,0,0,0,0,0,0,0,0,0,0,0
⁴⁴,0,0,0,0,0,0,0,0,0,0,0,0,0,0,0,0,0,0,0,0,0,0,-,+,0,0,0,0,0,0,0,-,-,-
ʅ,+,+,-,+,-,-,-,0,+,-,+,0,-,0,-,-,-,+,-,-,-,-,0,0,0,0,0,0,0,0,0,0,0,0
⁴⁵,0,0,0,0,0,0,0,0,0,0,0,0,0,0,0,0,0,0,0,0,0,0,-,+,0,0,0,0,0,0,0,+,-,-
ʈ,-,-,+,-,-,-,-,0,-,-,-,-,+,-,-,-,-,-,-,-,0,-,0,0,0,0,0,0,0,0,0,0,0,0
ʉ,+,+,-,+,0,-,-,0,+,-,-,0,-,0,+,+,-,-,+,-,+,-,0,0,0,0,0,0,0,0,0,0,0,0
ʊ,+,+,-,+,-,-,-,0,+,-,-,0,-,0,-,+,-,+,+,-,-,-,0,0,0,0,0,0,0,0,0,0,0,0
dɮ,-,-,+,-,+,+,-,0,+,-,-,-,+,-,-,0,0,0,-,-,0,-,0,0,0,0,0,0,0,0,0,0,0,0
t͡ɕ,-,-,+,-,+,-,-,0,-,-,-,-,+,+,-,+,-,-,-,-,0,-,0,0,0,0,0,0,0,0,0,0,0,0
ʋ,-,+,-,+,0,-,-,0,+,-,-,+,-,0,+,0,0,0,-,-,0,-,0,0,0,0,0,0,0,0,0,0,0,0
ʌ,+,+,-,+,-,-,-,0,+,-,-,0,-,0,-,-,-,+,-,-,+,-,0,0,0,0,0,0,0,0,0,0,0,0
ʍ,-,+,-,+,-,-,-,0,-,-,-,-,-,0,+,+,-,+,+,-,0,-,0,0,0,0,0,0,0,0,0,0,0,0
t̪s̪,-,-,+,-,+,-,-,0,-,-,-,+,+,+,-,0,0,0,-,-,0,-,0,0,0,0,0,0,0,0,0,0,0,0
ʎ,-,+,+,+,0,+,-,0,+,-,-,-,+,+,-,+,-,-,-,-,0,-,0,0,0,0,0,0,0,0,0,0,0,0
ʏ,+,+,-,+,-,-,-,0,+,-,-,0,-,0,-,+,-,-,+,-,-,-,0,0,0,0,0,0,0,0,0,0,0,0
tʃ,-,-,+,-,+,-,-,0,-,-,-,-,+,+,-,-,-,-,-,-,0,-,0,0,0,0,0,0,0,0,0,0,0,0
ʐ,-,-,+,+,-,-,-,0,+,-,-,-,+,-,-,-,-,-,-,-,0,-,0,0,0,0,0,0,0,0,0,0,0,0
d͡ɮ,-,-,+,-,+,+,-,0,+,-,-,-,+,-,-,0,0,0,-,-,0,-,0,0,0,0,0,0,0,0,0,0,0,0
²³³,0,0,0,0,0,0,0,0,0,0,0,0,0,0,0,0,0,0,0,0,0,0,+,-,0,0,0,0,0,0,0,+,-,-
ʑ,-,-,+,+,+,-,-,0,+,-,-,-,+,+,-,+,-,-,-,-,0,-,0,0,0,0,0,0,0,0,0,0,0,0
ʒ,-,-,+,+,-,-,-,0,+,-,-,-,+,+,-,-,-,-,-,-,0,-,0,0,0,0,0,0,0,0,0,0,0,0
²³²,0,0,0,0,0,0,0,0,0,0,0,0,0,0,0,0,0,0,0,0,0,0,+,-,0,0,0,0,0,0,0,+,-,+
ʔ,-,+,-,-,-,-,-,0,-,-,+,-,-,0,-,-,-,-,-,-,0,-,0,0,0,0,0,0,0,0,0,0,0,0
³⁵⁴,0,0,0,0,0,0,0,0,0,0,0,0,0,0,0,0,0,0,0,0,0,0,0,0,0,0,0,0,0,0,0,+,-,+
ʕ,-,-,+,+,-,-,-,0,+,-,-,-,-,0,-,-,+,+,-,-,0,-,0,0,0,0,0,0,0,0,0,0,0,0
³⁵⁵,0,0,0,0,0,0,0,0,0,0,0,0,0,0,0,0,0,0,0,0,0,0,0,0,0,0,0,0,0,0,0,+,-,-
dz,-,-,+,-,+,-,-,0,+,-,-,+,+,-,-,-,-,-,-,-,0,-,0,0,0,0,0,0,0,0,0,0,0,0
ʘ,-,-,+,-,-,-,-,0,-,-,-,0,-,0,+,+,-,0,-,+,0,-,0,0,0,0,0,0,0,0,0,0,0,0
ʙ,-,+,+,+,0,-,-,0,+,-,-,+,-,0,+,0,0,0,-,-,0,-,0,0,0,0,0,0,0,0,0,0,0,0
²³¹,0,0,0,0,0,0,0,0,0,0,0,0,0,0,0,0,0,0,0,0,0,0,+,-,0,0,0,0,0,0,0,+,-,+
ʛ,-,-,+,-,-,-,-,0,+,-,+,-,-,0,-,-,-,+,-,-,0,-,0,0,0,0,0,0,0,0,0,0,0,0
⁵⁴,0,0,0,0,0,0,0,0,0,0,0,0,0,0,0,0,0,0,0,0,0,0,+,+,0,0,0,0,0,0,0,-,+,-
d͡z,-,-,+,-,+,-,-,0,+,-,-,+,+,-,-,-,-,-,-,-,0,-,0,0,0,0,0,0,0,0,0,0,0,0
ʝ,-,-,+,+,-,-,-,0,+,-,-,-,-,0,-,+,-,-,-,-,0,-,0,0,0,0,0,0,0,0,0,0,0,0
t͡ɬ,-,-,+,-,+,+,-,0,-,-,-,+,+,-,-,0,0,0,-,-,0,-,0,0,0,0,0,0,0,0,0,0,0,0
t̪͡s̪,-,-,+,-,+,-,-,0,-,-,-,+,+,+,-,0,0,0,-,-,0,-,0,0,0,0,0,0,0,0,0,0,0,0
ʟ,-,+,+,+,0,+,-,0,+,-,-,-,-,0,-,+,-,0,-,-,0,-,0,0,0,0,0,0,0,0,0,0,0,0
bˁ,-,-,+,-,-,-,-,0,+,-,-,+,-,0,+,-,+,+,-,-,0,-,0,0,0,0,0,0,0,0,0,0,0,0
ʣ,-,-,+,-,+,-,-,0,+,-,-,+,+,-,-,-,-,-,-,-,0,-,0,0,0,0,0,0,0,0,0,0,0,0
ʤ,-,-,+,-,+,-,-,0,+,-,-,-,+,+,-,-,-,-,-,-,0,-,0,0,0,0,0,0,0,0,0,0,0,0
t͡s,-,-,+,-,+,-,-,0,-,-,-,+,+,-,-,-,-,-,-,-,0,-,0,0,0,0,0,0,0,0,0,0,0,0
⁵⁵,0,0,0,0,0,0,0,0,0,0,0,0,0,0,0,0,0,0,0,0,0,0,+,+,0,0,0,0,0,0,0,-,-,-
ʥ,-,-,+,-,+,-,-,0,+,-,-,-,+,+,-,+,-,-,-,-,0,-,0,0,0,0,0,0,0,0,0,0,0,0
ʦ,-,-,+,-,+,-,-,0,-,-,-,+,+,-,-,-,-,-,-,-,0,-,0,0,0,0,0,0,0,0,0,0,0,0
ʧ,-,-,+,-,+,-,-,0,-,-,-,-,+,+,-,-,-,-,-,-,0,-,0,0,0,0,0,0,0,0,0,0,0,0
ʨ,-,-,+,-,+,-,-,0,-,-,-,-,+,+,-,+,-,-,-,-,0,-,0,0,0,0,0,0,0,0,0,0,0,0
dʑ,-,-,+,-,+,-,-,0,+,-,-,-,+,+,-,+,-,-,-,-,0,-,0,0,0,0,0,0,0,0,0,0,0,0
dʒ,-,-,+,-,+,-,-,0,+,-,-,-,+,+,-,-,-,-,-,-,0,-,0,0,0,0,0,0,0,0,0,0,0,0
ʰ,-,+,+,+,-,-,-,0,-,-,-,-,-,0,-,-,-,-,-,-,0,-,0,0,0,0,0,0,0,0,0,0,0,0
²,0,0,0,0,0,0,0,0,0,0,0,0,0,0,0,0,0,0,0,0,0,0,+,-,0,0,0,0,0,0,0,-,-,-
ʲ,-,+,-,+,-,-,-,0,+,-,-,-,-,0,-,+,-,-,-,-,0,-,0,0,0,0,0,0,0,0,0,0,0,0
d͡ʐ,-,-,+,-,+,-,-,0,+,-,-,-,+,-,-,0,0,0,-,-,0,-,0,0,0,0,0,0,0,0,0,0,0,0
³,0,0,0,0,0,0,0,0,0,0,0,0,0,0,0,0,0,0,0,0,0,0,0,0,0,0,0,0,0,0,0,-,-,-
d͡ʒ,-,-,+,-,+,-,-,0,+,-,-,-,+,+,-,-,-,-,-,-,0,-,0,0,0,0,0,0,0,0,0,0,0,0
t͡ʃ,-,-,+,-,+,-,-,0,-,-,-,-,+,+,-,-,-,-,-,-,0,-,0,0,0,0,0,0,0,0,0,0,0,0
³⁴³,0,0,0,0,0,0,0,0,0,0,0,0,0,0,0,0,0,0,0,0,0,0,0,0,0,0,0,0,0,0,0,+,-,+
²⁴⁴,0,0,0,0,0,0,0,0,0,0,0,0,0,0,0,0,0,0,0,0,0,0,+,-,0,0,0,0,0,0,0,+,-,-
d͡ʑ,-,-,+,-,+,-,-,0,+,-,-,-,+,+,-,+,-,-,-,-,0,-,0,0,0,0,0,0,0,0,0,0,0,0
q͡χ,-,-,+,-,+,-,-,0,-,-,-,-,-,0,-,-,-,+,-,-,0,-,0,0,0,0,0,0,0,0,0,0,0,0
t͡ʂ,-,-,+,-,+,-,-,0,-,-,-,-,+,-,-,0,0,0,-,-,0,-,0,0,0,0,0,0,0,0,0,0,0,0
³⁴²,0,0,0,0,0,0,0,0,0,0,0,0,0,0,0,0,0,0,0,0,0,0,0,0,0,0,0,0,0,0,0,+,-,+
¹,0,0,0,0,0,0,0,0,0,0,0,0,0,0,0,0,0,0,0,0,0,0,-,-,0,0,0,0,0,0,0,-,-,-
¹²²,0,0,0,0,0,0,0,0,0,0,0,0,0,0,0,0,0,0,0,0,0,0,-,-,0,0,0,0,0,0,0,+,-,-
⁴³,0,0,0,0,0,0,0,0,0,0,0,0,0,0,0,0,0,0,0,0,0,0,-,+,0,0,0,0,0,0,0,-,+,-
ẽ,+,+,-,+,-,-,+,0,+,-,-,0,-,0,-,-,-,-,-,-,+,-,0,0,0,0,0,0,0,0,0,0,0,0
⁴²,0,0,0,0,0,0,0,0,0,0,0,0,0,0,0,0,0,0,0,0,0,0,-,+,0,0,0,0,0,0,0,-,+,-
³⁴¹,0,0,0,0,0,0,0,0,0,0,0,0,0,0,0,0,0,0,0,0,0,0,0,0,0,0,0,0,0,0,0,+,-,+
ˀ,-,+,-,-,-,-,-,0,-,-,+,-,-,0,-,-,-,-,-,-,0,-,0,0,0,0,0,0,0,0,0,0,0,0
¹²¹,0,0,0,0,0,0,0,0,0,0,0,0,0,0,0,0,0,0,0,0,0,0,-,-,0,0,0,0,0,0,0,+,-,+
cç,-,-,+,-,+,-,-,0,-,-,-,-,+,+,-,+,-,-,-,-,0,-,0,0,0,0,0,0,0,0,0,0,0,0
⁴¹,0,0,0,0,0,0,0,0,0,0,0,0,0,0,0,0,0,0,0,0,0,0,-,+,0,0,0,0,0,0,0,-,+,-
³¹⁴,0,0,0,0,0,0,0,0,0,0,0,0,0,0,0,0,0,0,0,0,0,0,0,0,0,0,0,0,0,0,0,-,+,+
³¹⁵,0,0,0,0,0,0,0,0,0,0,0,0,0,0,0,0,0,0,0,0,0,0,0,0,0,0,0,0,0,0,0,-,+,+
³⁵¹,0,0,0,0,0,0,0,0,0,0,0,0,0,0,0,0,0,0,0,0,0,0,0,0,0,0,0,0,0,0,0,+,-,+
²⁵⁵,0,0,0,0,0,0,0,0,0,0,0,0,0,0,0,0,0,0,0,0,0,0,+,-,0,0,0,0,0,0,0,+,-,-
³⁵²,0,0,0,0,0,0,0,0,0,0,0,0,0,0,0,0,0,0,0,0,0,0,0,0,0,0,0,0,0,0,0,+,-,+
³⁵³,0,0,0,0,0,0,0,0,0,0,0,0,0,0,0,0,0,0,0,0,0,0,0,0,0,0,0,0,0,0,0,+,-,+
²⁵⁴,0,0,0,0,0,0,0,0,0,0,0,0,0,0,0,0,0,0,0,0,0,0,+,-,0,0,0,0,0,0,0,+,-,+
¹³²,0,0,0,0,0,0,0,0,0,0,0,0,0,0,0,0,0,0,0,0,0,0,-,-,0,0,0,0,0,0,0,+,-,+
¹⁴,0,0,0,0,0,0,0,0,0,0,0,0,0,0,0,0,0,0,0,0,0,0,-,-,0,0,0,0,0,0,0,+,-,-
k͡p,-,-,+,-,-,-,-,0,-,-,-,0,-,0,+,+,-,0,-,-,0,-,0,0,0,0,0,0,0,0,0,0,0,0
¹³³,0,0,0,0,0,0,0,0,0,0,0,0,0,0,0,0,0,0,0,0,0,0,-,-,0,0,0,0,0,0,0,+,-,-
¹⁵,0,0,0,0,0,0,0,0,0,0,0,0,0,0,0,0,0,0,0,0,0,0,-,-,0,0,0,0,0,0,0,+,-,-
¹³¹,0,0,0,0,0,0,0,0,0,0,0,0,0,0,0,0,0,0,0,0,0,0,-,-,0,0,0,0,0,0,0,+,-,+
⁵³,0,0,0,0,0,0,0,0,0,0,0,0,0,0,0,0,0,0,0,0,0,0,+,+,0,0,0,0,0,0,0,-,+,-
⁵²,0,0,0,0,0,0,0,0,0,0,0,0,0,0,0,0,0,0,0,0,0,0,+,+,0,0,0,0,0,0,0,-,+,-
ˡ,-,+,+,+,-,+,-,0,+,-,-,+,+,-,-,-,-,-,-,-,0,-,0,0,0,0,0,0,0,0,0,0,0,0
ã,+,+,-,+,-,-,+,0,+,-,-,0,-,0,-,-,+,-,-,-,+,-,0,0,0,0,0,0,0,0,0,0,0,0
ˣ,-,-,+,+,-,-,-,0,-,-,-,-,-,0,-,+,-,+,-,-,0,-,0,0,0,0,0,0,0,0,0,0,0,0
k͡x,-,-,+,-,+,-,-,0,-,-,-,-,-,0,-,+,-,0,-,-,0,-,0,0,0,0,0,0,0,0,0,0,0,0
˥,0,0,0,0,0,0,0,0,0,0,0,0,0,0,0,0,0,0,0,0,0,0,+,+,0,0,0,0,0,0,0,0,0,0
æ,+,+,-,+,-,-,-,0,+,-,-,0,-,0,-,-,+,-,-,-,+,-,0,0,0,0,0,0,0,0,0,0,0,0
˦,0,0,0,0,0,0,0,0,0,0,0,0,0,0,0,0,0,0,0,0,0,0,-,+,0,0,0,0,0,0,0,0,0,0
ç,-,-,+,+,-,-,-,0,-,-,-,-,-,0,-,+,-,-,-,-,0,-,0,0,0,0,0,0,0,0,0,0,0,0
˧,0,0,0,0,0,0,0,0,0,0,0,0,0,0,0,0,0,0,0,0,0,0,0,0,0,0,0,0,0,0,0,0,0,0
⁵¹,0,0,0,0,0,0,0,0,0,0,0,0,0,0,0,0,0,0,0,0,0,0,+,+,0,0,0,0,0,0,0,-,+,-
˨,0,0,0,0,0,0,0,0,0,0,0,0,0,0,0,0,0,0,0,0,0,0,+,-,0,0,0,0,0,0,0,0,0,0
˩,0,0,0,0,0,0,0,0,0,0,0,0,0,0,0,0,0,0,0,0,0,0,-,-,0,0,0,0,0,0,0,0,0,0
⁴¹¹,0,0,0,0,0,0,0,0,0,0,0,0,0,0,0,0,0,0,0,0,0,0,-,+,0,0,0,0,0,0,0,-,+,-
ð,-,-,+,+,-,-,-,0,+,-,-,+,+,+,-,-,-,-,-,-,0,-,0,0,0,0,0,0,0,0,0,0,0,0
²⁴¹,0,0,0,0,0,0,0,0,0,0,0,0,0,0,0,0,0,0,0,0,0,0,+,-,0,0,0,0,0,0,0,+,-,+
⁴¹²,0,0,0,0,0,0,0,0,0,0,0,0,0,0,0,0,0,0,0,0,0,0,-,+,0,0,0,0,0,0,0,-,+,+
õ,+,+,-,+,-,-,+,0,+,-,-,0,-,0,-,-,-,+,+,-,+,-,0,0,0,0,0,0,0,0,0,0,0,0
d̪͡z̪,-,-,+,-,+,-,-,0,+,-,-,+,+,+,-,0,0,0,-,-,0,-,0,0,0,0,0,0,0,0,0,0,0,0
²⁴²,0,0,0,0,0,0,0,0,0,0,0,0,0,0,0,0,0,0,0,0,0,0,+,-,0,0,0,0,0,0,0,+,-,+
⁴¹³,0,0,0,0,0,0,0,0,0,0,0,0,0,0,0,0,0,0,0,0,0,0,-,+,0,0,0,0,0,0,0,-,+,+
²⁴³,0,0,0,0,0,0,0,0,0,0,0,0,0,0,0,0,0,0,0,0,0,0,+,-,0,0,0,0,0,0,0,+,-,+
ø,+,+,-,+,-,-,-,0,+,-,-,0,-,0,-,-,-,-,+,-,+,-,0,0,0,0,0,0,0,0,0,0,0,0
r̪,-,+,+,+,0,-,-,0,+,-,-,+,+,+,-,0,0,0,-,-,0,-,0,0,0,0,0,0,0,0,0,0,0,0
ỹ,+,+,-,+,-,-,+,0,+,-,-,0,-,0,+,+,-,-,+,-,+,-,0,0,0,0,0,0,0,0,0,0,0,0
ɖʐ,-,-,+,-,+,-,-,0,+,-,-,-,+,-,-,0,0,0,-,-,0,-,0,0,0,0,0,0,0,0,0,0,0,0
ʈʂ,-,-,+,-,+,-,-,0,-,-,-,-,+,-,-,0,0,0,-,-,0,-,0,0,0,0,0,0,0,0,0,0,0,0
¹⁴⁴,0,0,0,0,0,0,0,0,0,0,0,0,0,0,0,0,0,0,0,0,0,0,-,-,0,0,0,0,0,0,0,+,-,-
̃,-,+,+,-,-,-,+,0,+,-,-,+,+,-,-,-,-,-,-,-,0,-,0,0,0,0,0,0,0,0,0,0,0,0
b͡d,-,-,+,-,-,-,-,0,+,-,-,+,+,-,+,-,-,-,-,-,0,-,0,0,0,0,0,0,0,0,0,0,0,0
²⁵²,0,0,0,0,0,0,0,0,0,0,0,0,0,0,0,0,0,0,0,0,0,0,+,-,0,0,0,0,0,0,0,+,-,+
⁵²²,0,0,0,0,0,0,0,0,0,0,0,0,0,0,0,0,0,0,0,0,0,0,+,+,0,0,0,0,0,0,0,-,+,-
⁴²⁴,0,0,0,0,0,0,0,0,0,0,0,0,0,0,0,0,0,0,0,0,0,0,-,+,0,0,0,0,0,0,0,-,+,+
²¹⁵,0,0,0,0,0,0,0,0,0,0,0,0,0,0,0,0,0,0,0,0,0,0,+,-,0,0,0,0,0,0,0,-,+,+
⁴²⁵,0,0,0,0,0,0,0,0,0,0,0,0,0,0,0,0,0,0,0,0,0,0,-,+,0,0,0,0,0,0,0,-,+,+
³¹²,0,0,0,0,0,0,0,0,0,0,0,0,0,0,0,0,0,0,0,0,0,0,0,0,0,0,0,0,0,0,0,-,+,+
⁵²³,0,0,0,0,0,0,0,0,0,0,0,0,0,0,0,0,0,0,0,0,0,0,+,+,0,0,0,0,0,0,0,-,+,+
³¹³,0,0,0,0,0,0,0,0,0,0,0,0,0,0,0,0,0,0,0,0,0,0,0,0,0,0,0,0,0,0,0,-,+,+
²¹⁴,0,0,0,0,0,0,0,0,0,0,0,0,0,0,0,0,0,0,0,0,0,0,+,-,0,0,0,0,0,0,0,-,+,+
²⁵¹,0,0,0,0,0,0,0,0,0,0,0,0,0,0,0,0,0,0,0,0,0,0,+,-,0,0,0,0,0,0,0,+,-,+
³¹¹,0,0,0,0,0,0,0,0,0,0,0,0,0,0,0,0,0,0,0,0,0,0,0,0,0,0,0,0,0,0,0,-,+,-
b͡v,-,-,+,-,+,-,-,+,+,-,-,+,-,0,+,-,-,-,-,-,0,-,0,0,0,0,0,0,0,0,0,0,0,0
²⁵³,0,0,0,0,0,0,0,0,0,0,0,0,0,0,0,0,0,0,0,0,0,0,+,-,0,0,0,0,0,0,0,+,-,+
s̪,-,-,+,+,-,-,-,0,-,-,-,+,+,+,-,-,-,-,-,-,0,-,0,0,0,0,0,0,0,0,0,0,0,0
¹²,0,0,0,0,0,0,0,0,0,0,0,0,0,0,0,0,0,0,0,0,0,0,-,-,0,0,0,0,0,0,0,+,-,-
¹³,0,0,0,0,0,0,0,0,0,0,0,0,0,0,0,0,0,0,0,0,0,0,-,-,0,0,0,0,0,0,0,+,-,-
¹⁵⁴,0,0,0,0,0,0,0,0,0,0,0,0,0,0,0,0,0,0,0,0,0,0,-,-,0,0,0,0,0,0,0,+,-,+
¹⁵⁵,0,0,0,0,0,0,0,0,0,0,0,0,0,0,0,0,0,0,0,0,0,0,-,-,0,0,0,0,0,0,0,+,-,-
¹¹,0,0,0,0,0,0,0,0,0,0,0,0,0,0,0,0,0,0,0,0,0,0,-,-,0,0,0,0,0,0,0,-,-,-
ç,-,-,+,+,-,-,-,0,-,-,-,-,-,0,-,+,-,-,-,-,0,-,0,0,0,0,0,0,0,0,0,0,0,0
ħ,-,-,+,+,-,-,-,0,-,-,-,-,-,0,-,-,+,+,-,-,0,-,0,0,0,0,0,0,0,0,0,0,0,0
ĩ,+,+,-,+,-,-,+,0,+,-,-,0,-,0,-,+,-,-,-,-,+,-,0,0,0,0,0,0,0,0,0,0,0,0
ɢ͡ʁ,-,-,+,-,+,-,-,0,+,-,-,-,-,0,-,-,-,+,-,-,0,-,0,0,0,0,0,0,0,0,0,0,0,0
⁵³⁴,0,0,0,0,0,0,0,0,0,0,0,0,0,0,0,0,0,0,0,0,0,0,+,+,0,0,0,0,0,0,0,-,+,+
⁵³⁵,0,0,0,0,0,0,0,0,0,0,0,0,0,0,0,0,0,0,0,0,0,0,+,+,0,0,0,0,0,0,0,-,+,+
¹⁴²,0,0,0,0,0,0,0,0,0,0,0,0,0,0,0,0,0,0,0,0,0,0,-,-,0,0,0,0,0,0,0,+,-,+
t̪,-,-,+,-,-,-,-,0,-,-,-,+,+,+,-,-,-,-,-,-,0,-,0,0,0,0,0,0,0,0,0,0,0,0
¹⁴¹,0,0,0,0,0,0,0,0,0,0,0,0,0,0,0,0,0,0,0,0,0,0,-,-,0,0,0,0,0,0,0,+,-,+
c͡ç,-,-,+,-,+,-,-,0,-,-,-,-,+,+,-,+,-,-,-,-,0,-,0,0,0,0,0,0,0,0,0,0,0,0
¹⁴³,0,0,0,0,0,0,0,0,0,0,0,0,0,0,0,0,0,0,0,0,0,0,-,-,0,0,0,0,0,0,0,+,-,+
t̪θ,-,-,+,-,+,-,-,0,-,-,-,+,+,+,-,0,0,0,-,-,0,-,0,0,0,0,0,0,0,0,0,0,0,0
ł,-,-,+,+,+,+,-,0,-,-,-,+,+,-,-,0,0,0,-,-,0,-,0,0,0,0,0,0,0,0,0,0,0,0
⁵²⁵,0,0,0,0,0,0,0,0,0,0,0,0,0,0,0,0,0,0,0,0,0,0,+,+,0,0,0,0,0,0,0,-,+,+
d̪,-,-,+,-,-,-,-,0,+,-,-,+,+,+,-,-,-,-,-,-,0,-,0,0,0,0,0,0,0,0,0,0,0,0
c͡ç,-,-,+,-,+,-,-,0,-,-,-,-,+,+,-,+,-,-,-,-,0,-,0,0,0,0,0,0,0,0,0,0,0,0
²¹²,0,0,0,0,0,0,0,0,0,0,0,0,0,0,0,0,0,0,0,0,0,0,+,-,0,0,0,0,0,0,0,-,+,+
ɡ͡ɣ,-,-,+,-,+,-,-,0,+,-,-,-,-,0,-,+,-,0,-,-,0,-,0,0,0,0,0,0,0,0,0,0,0,0
ŋ,-,+,+,-,-,-,+,0,+,-,-,-,-,0,-,+,-,+,-,-,0,-,0,0,0,0,0,0,0,0,0,0,0,0
ɡ͡b,-,-,+,-,-,-,-,0,+,-,-,0,-,0,+,+,-,0,-,-,0,-,0,0,0,0,0,0,0,0,0,0,0,0
d̪͡ð,-,-,+,-,+,-,-,0,+,-,-,+,+,+,-,0,0,0,-,-,0,-,0,0,0,0,0,0,0,0,0,0,0,0
⁵²⁴,0,0,0,0,0,0,0,0,0,0,0,0,0,0,0,0,0,0,0,0,0,0,+,+,0,0,0,0,0,0,0,-,+,+
²¹³,0,0,0,0,0,0,0,0,0,0,0,0,0,0,0,0,0,0,0,0,0,0,+,-,0,0,0,0,0,0,0,-,+,+
²¹¹,0,0,0,0,0,0,0,0,0,0,0,0,0,0,0,0,0,0,0,0,0,0,+,-,0,0,0,0,0,0,0,-,+,-
¹⁵²,0,0,0,0,0,0,0,0,0,0,0,0,0,0,0,0,0,0,0,0,0,0,-,-,0,0,0,0,0,0,0,+,-,+
¹⁵³,0,0,0,0,0,0,0,0,0,0,0,0,0,0,0,0,0,0,0,0,0,0,-,-,0,0,0,0,0,0,0,+,-,+
œ,+,+,-,+,-,-,-,0,+,-,-,0,-,0,-,-,-,-,+,-,-,-,0,0,0,0,0,0,0,0,0,0,0,0
¹⁵¹,0,0,0,0,0,0,0,0,0,0,0,0,0,0,0,0,0,0,0,0,0,0,-,-,0,0,0,0,0,0,0,+,-,+
kp,-,-,+,-,-,-,-,0,-,-,-,0,-,0,+,+,-,0,-,-,0,-,0,0,0,0,0,0,0,0,0,0,0,0
ũ,+,+,-,+,-,-,+,0,+,-,-,0,-,0,+,+,-,+,+,-,+,-,0,0,0,0,0,0,0,0,0,0,0,0
kx,-,-,+,-,+,-,-,0,-,-,-,-,-,0,-,+,-,0,-,-,0,-,0,0,0,0,0,0,0,0,0,0,0,0
tθʰ,-,-,+,-,+,-,-,0,-,+,-,+,+,+,-,0,0,0,-,-,0,-,0,0,0,0,0,0,0,0,0,0,0,0
qχ,-,-,+,-,+,-,-,0,-,-,-,-,-,0,-,-,-,+,-,-,0,-,0,0,0,0,0,0,0,0,0,0,0,0
d̪z̪,-,-,+,-,+,-,-,0,+,-,-,+,+,+,-,0,0,0,-,-,0,-,0,0,0,0,0,0,0,0,0,0,0,0
bβ,-,-,+,-,+,-,-,-,+,-,-,+,-,0,+,0,0,0,-,-,0,-,0,0,0,0,0,0,0,0,0,0,0,0
p͡f,-,-,+,-,+,-,-,+,-,-,-,+,-,0,+,-,-,-,-,-,0,-,0,0,0,0,0,0,0,0,0,0,0,0
p͡t,-,-,+,-,-,-,-,0,-,-,-,+,+,-,+,-,-,-,-,-,0,-,0,0,0,0,0,0,0,0,0,0,0,0
p͡ɸ,-,-,+,-,+,-,-,-,-,-,-,+,-,0,+,0,0,0,-,-,0,-,0,0,0,0,0,0,0,0,0,0,0,0
⁴³³,0,0,0,0,0,0,0,0,0,0,0,0,0,0,0,0,0,0,0,0,0,0,-,+,0,0,0,0,0,0,0,-,+,-
β,-,-,+,+,-,-,-,-,+,-,-,+,-,0,+,-,-,-,-,-,0,-,0,0,0,0,0,0,0,0,0,0,0,0
t̪ɬ̪,-,-,+,-,+,+,-,0,-,-,-,+,+,+,-,0,0,0,-,-,0,-,0,0,0,0,0,0,0,0,0,0,0,0
t̪͡ɬ̪,-,-,+,-,+,+,-,0,-,-,-,+,+,+,-,0,0,0,-,-,0,-,0,0,0,0,0,0,0,0,0,0,0,0
θ,-,-,+,+,-,-,-,0,-,-,-,+,+,+,-,-,-,-,-,-,0,-,0,0,0,0,0,0,0,0,0,0,0,0
ᶿ,-,-,+,+,-,-,-,0,-,-,-,+,+,+,-,-,-,-,-,-,0,-,0,0,0,0,0,0,0,0,0,0,0,0
ǀ,-,-,+,-,-,-,-,0,-,-,-,+,+,+,-,+,-,0,-,+,0,-,0,0,0,0,0,0,0,0,0,0,0,0
ʈ͡ʂ,-,-,+,-,+,-,-,0,-,-,-,-,+,-,-,0,0,0,-,-,0,-,0,0,0,0,0,0,0,0,0,0,0,0
ǁ,-,-,+,-,-,+,-,0,-,-,-,+,+,-,-,+,-,0,-,+,0,-,0,0,0,0,0,0,0,0,0,0,0,0
ǂ,-,-,+,-,-,-,-,0,-,-,-,-,+,+,-,+,-,0,-,+,0,-,0,0,0,0,0,0,0,0,0,0,0,0
ǃ,-,-,+,-,-,-,-,0,-,-,-,+,+,-,-,+,-,0,-,+,0,-,0,0,0,0,0,0,0,0,0,0,0,0
χ,-,-,+,+,-,-,-,0,-,-,-,-,-,0,-,-,-,+,-,-,0,-,0,0,0,0,0,0,0,0,0,0,0,0
g͡ɣ,-,-,+,-,+,-,-,0,+,-,-,-,-,0,-,+,-,0,-,-,0,-,0,0,0,0,0,0,0,0,0,0,0,0
⁵⁴⁴,0,0,0,0,0,0,0,0,0,0,0,0,0,0,0,0,0,0,0,0,0,0,+,+,0,0,0,0,0,0,0,-,+,-
g͡b,-,-,+,-,-,-,-,0,+,-,-,0,-,0,+,+,-,0,-,-,0,-,0,0,0,0,0,0,0,0,0,0,0,0
⁵⁴⁵,0,0,0,0,0,0,0,0,0,0,0,0,0,0,0,0,0,0,0,0,0,0,+,+,0,0,0,0,0,0,0,-,+,+
⁴²³,0,0,0,0,0,0,0,0,0,0,0,0,0,0,0,0,0,0,0,0,0,0,-,+,0,0,0,0,0,0,0,-,+,+
⁴²²,0,0,0,0,0,0,0,0,0,0,0,0,0,0,0,0,0,0,0,0,0,0,-,+,0,0,0,0,0,0,0,-,+,-
ǝ,+,+,-,+,-,-,-,0,+,-,-,0,-,0,-,-,-,+,-,-,-,-,0,0,0,0,0,0,0,0,0,0,0,0
t͡θ,-,-,+,-,+,-,-,0,-,-,-,+,+,+,-,0,0,0,-,-,0,-,0,0,0,0,0,0,0,0,0,0,0,0
⁵³³,0,0,0,0,0,0,0,0,0,0,0,0,0,0,0,0,0,0,0,0,0,0,+,+,0,0,0,0,0,0,0,-,+,-
⁴³⁵,0,0,0,0,0,0,0,0,0,0,0,0,0,0,0,0,0,0,0,0,0,0,-,+,0,0,0,0,0,0,0,-,+,+
⁴³⁴,0,0,0,0,0,0,0,0,0,0,0,0,0,0,0,0,0,0,0,0,0,0,-,+,0,0,0,0,0,0,0,-,+,+
z̪,-,-,+,+,-,-,-,0,+,-,-,+,+,+,-,-,-,-,-,-,0,-,0,0,0,0,0,0,0,0,0,0,0,0
ɟ͡ʝ,-,-,+,-,+,-,-,0,+,-,-,-,+,+,-,+,-,-,-,-,0,-,0,0,0,0,0,0,0,0,0,0,0,0
³²⁵,0,0,0,0,0,0,0,0,0,0,0,0,0,0,0,0,0,0,0,0,0,0,0,0,0,0,0,0,0,0,0,-,+,+
pf,-,-,+,-,+,-,-,+,-,-,-,+,-,0,+,-,-,-,-,-,0,-,0,0,0,0,0,0,0,0,0,0,0,0
³²⁴,0,0,0,0,0,0,0,0,0,0,0,0,0,0,0,0,0,0,0,0,0,0,0,0,0,0,0,0,0,0,0,-,+,+
